question_id,question_type,system,latency_s,answer,falsely_confident,citation_attribution_acc,gap_resolution_acc,global_coverage_recall
q01,local,local_query_only,81.95894165400023,"Yes, the external validation found that the IMPACT and CRASH TBI models had calibration disagreements between predicted and observed outcomes. The authors noted that while the models performed adequately when externally validated on an independent cohort from a low-and-middle-income country, there was a discrepancy in their ability to accurately reflect real-world patient outcomes compared to actual observations. This suggests that the models may require periodic updates to maintain reliability and generalizability.",,0.3333333333333333,1.0,
q01,local,graphrag_local_only,113.8178084809997,"No, the external validation did not find the IMPACT/CRASH TBI models' calibration to be reliable. The findings indicate that there were significant calibration disagreements between predicted and observed outcomes, which suggests that the models may not have been consistently calibrated across different datasets or scenarios. This discrepancy was noted in both papers referenced, indicating that the models needed periodic updating to remain accurate and relevant.",,0.1,1.0,
q01,local,orchestrated,129.90804939699956,"Yes, the external validation found that the IMPACT and CRASH TBI models had calibration disagreements between predicted and observed outcomes. The authors noted that while the models performed adequately when externally validated on an independent cohort from a low-and-middle-income country, there was a discrepancy in their ability to accurately reflect real-world patient outcomes compared to actual observations. This suggests that the models may require periodic updates to maintain reliability and generalizability.",,0.3333333333333333,1.0,
q02,local,local_query_only,84.53432349099967,"The real-world sensitivity of the LVO detection tool, when restricted to internal-carotid and M1 vessel segments, matched the manufacturer-reported figures at about 90.7%. However, when considering more complex segments like M2 vessels or every proximal vessel segment, the sensitivity dropped significantly, falling to 76.4% and further reducing to 59.4%, respectively. This indicates a discrepancy between the tool's actual performance in real-world settings and what was reported by the manufacturers regarding its clearance performance.",,0.3333333333333333,1.0,
q02,local,graphrag_local_only,122.80148174399983,The information provided does not include any direct comparison or data on the real-world sensitivity of the LVO detection tool compared to its manufacturer-reported clearance performance. The given facts do not address this specific aspect of the tool's performance in practice.,,0.0,,
q02,local,orchestrated,135.4891605040002,"The real-world sensitivity of the LVO detection tool, when restricted to internal-carotid and M1 vessel segments, matched the manufacturer-reported figures at about 90.7%. However, when considering more complex segments like M2 vessels or every proximal vessel segment, the sensitivity dropped significantly, falling to 76.4% and further reducing to 59.4%, respectively. This indicates a discrepancy between the tool's actual performance in real-world settings and what was reported by the manufacturers regarding its clearance performance.",,0.3333333333333333,1.0,
q03,trap,local_query_only,73.00985745199978,The excerpt does not provide any information about a specific reference dataset used to confirm that lesion network mapping is fully symptom-specific and methodologically settled. It only discusses ongoing disputes regarding the reliability of the method due to repeated sampling of the same connectivity matrix.,0.0,,,
q03,trap,graphrag_local_only,123.18271143699985,The reference dataset used to confirm that lesion network mapping was fully symptom-specific and methodologically settled was not explicitly mentioned in the given facts. The information provided does not include details about any specific datasets or references related to confirming the symptom specificity of lesion network mapping.,0.0,,,
q03,trap,orchestrated,117.29057727899999,The excerpt does not provide any information about a specific reference dataset used to confirm that lesion network mapping is fully symptom-specific and methodologically settled. It only discusses ongoing disputes regarding the reliability of the method due to repeated sampling of the same connectivity matrix.,0.0,,,
q04,trap,local_query_only,91.50626684800045,"The authors federated across 19 sites due to the scarcity of pediatric brain tumor imaging data at individual tertiary centers. This led to limited opportunities for joint training and collaboration among researchers, which could have resulted in suboptimal performance or lack of progress compared to centralized approaches. By forming a federated learning platform like FL-PedBrain, they aimed to leverage shared resources and expertise from multiple institutions to improve outcomes in pediatric brain tumor diagnosis and treatment.",0.0,,,
q04,trap,graphrag_local_only,148.13605226300024,The authors federated across 19 sites because pediatric brain tumor imaging data remains scarce even at individual tertiary centers. This scarcity necessitated pooling data from multiple institutions to achieve adequate representation and improve overall classification and segmentation performance. The federated learning approach allowed them to leverage diverse datasets while maintaining consistency in methodology and ensuring that each site contributed equally to the collective effort.,0.0,,,
q04,trap,orchestrated,139.11487350099924,"The authors federated across 19 sites due to the scarcity of pediatric brain tumor imaging data at individual tertiary centers. This led to limited opportunities for joint training and collaboration among researchers, which could have resulted in suboptimal performance or lack of progress compared to centralized approaches. By forming a federated learning platform like FL-PedBrain, they aimed to leverage shared resources and expertise from multiple institutions to improve outcomes in pediatric brain tumor diagnosis and treatment.",0.0,,,
q05,global,local_query_only,93.49872525000046,"Across this corpus, there is a recurring pattern connecting studies about neurosurgical/stroke AI model performance after external or real-world deployment where:

- Workflow metrics (such as notification and door-to-treatment times) show changes but often without clear links to improved patient outcomes.
- There is significant variability in how well studies adhere to reporting standards set by guidelines like the TRIPOD (Transparent Reporting of OBservational Studies in Epidemiology) framework.
- The majority of studies fail to report key elements of their methodology, including external validation, calibration reports, code sharing, and the availability of a final trained model.
- Only a small fraction of studies share their code or describe their models as being ready for real clinical use, indicating a disconnect between theoretical performance claims and practical implementation readiness.",,0.6666666666666666,,0.0
q05,global,graphrag_global_only,1108.4122024830003,"Across this corpus, the recurring pattern connecting studies about neurosurgical/stroke AI model performance after external or real-world deployment primarily involves issues related to poor calibration reporting and deployed-tool performance degradation. These gaps include problems with external validation, sparse availability of ground-truth labels, and uncertainties in real-time prediction accuracy. The summarized findings highlight the necessity for more rigorous testing and verification processes to ensure the reliability and effectiveness of AI models in clinical applications.",,0.2857142857142857,1.0,0.25
q05,global,orchestrated,1163.1021873929985,"Across this corpus, the recurring pattern connecting studies about neurosurgical/stroke AI model performance after external or real-world deployment primarily involves issues related to poor calibration reporting and deployed-tool performance degradation. These gaps include problems with external validation, sparse availability of ground-truth labels, and uncertainties in real-time prediction accuracy. The summarized findings highlight the necessity for more rigorous testing and verification processes to ensure the reliability and effectiveness of AI models in clinical applications.",,0.2857142857142857,1.0,0.25
q06,global,local_query_only,91.5195848000003,"The structural data-availability problem limiting neurosurgical-AI research outside a small set of well-resourced centers is evidenced by the scarcity of pediatric brain tumor imaging data at individual tertiary centers. This issue necessitated the development of FL-PedBrain, a federated learning platform designed to address the challenge of limited data availability for pediatric posterior-fossa brain tumors. The platform allowed for joint tumor classification and segmentation training across multiple international sites, demonstrating meaningful improvements in segmentation performance at sites outside the federation's initial training network. This suggests that while there may be challenges in obtaining sufficient data from individual centers, collaborative efforts through federations can overcome these limitations effectively.",,0.3333333333333333,1.0,0.3333333333333333
q06,global,graphrag_global_only,927.8400530969993,"Across this corpus, neurosurgical-AI research faces significant structural data-availability challenges primarily stemming from scarce annotated skull-base surgical videos (Gap Category G7). These issues limit the scope of AI applications to only those conducted at select, well-equipped centers, thereby constraining the broader impact and applicability of AI technologies in neurosurgery.",,0.2857142857142857,1.0,0.3333333333333333
q06,global,orchestrated,143.85343482799908,"The structural data-availability problem limiting neurosurgical-AI research outside a small set of well-resourced centers is evidenced by the scarcity of pediatric brain tumor imaging data at individual tertiary centers. This issue necessitated the development of FL-PedBrain, a federated learning platform designed to address the challenge of limited data availability for pediatric posterior-fossa brain tumors. The platform allowed for joint tumor classification and segmentation training across multiple international sites, demonstrating meaningful improvements in segmentation performance at sites outside the federation's initial training network. This suggests that while there may be challenges in obtaining sufficient data from individual centers, collaborative efforts through federations can overcome these limitations effectively.",,0.3333333333333333,1.0,0.3333333333333333
q07,global,local_query_only,100.0350438330006,"Across this corpus, two primary evidence-quality problems recur in how neurosurgical AI studies establish or report their own reliability:

1. **Adherence to Reporting Guidelines**: Studies often fail to adhere to the TRIPOD (Transparent Reporting of OBservational Studies in Epidemiology) reporting guideline. This includes issues such as insufficiently detailed external validation and calibration reports, which are crucial for assessing the robustness of the models' predictions.

2. **Methodological Controversies**: There are ongoing disputes about the methodology behind certain techniques like lesion network mapping. For instance, some researchers argue that the repeated sampling of the same connectivity matrix due to averaging procedures can lead to networks appearing highly similar regardless of the specific symptoms being studied, questioning the reliability of these methods. These controversies have led to debates over whether the findings from these studies should be considered reliable without further investigation into alternative methodologies.",,0.6666666666666666,,0.0
q07,global,graphrag_global_only,965.8347487829997,"Across this corpus, neurosurgical AI studies frequently encounter evidence-quality problems related to establishing or reporting their reliability. Key gaps identified include:

1. **External Validation Rarity**: Neurosurgical AI studies often struggle with obtaining robust external validation.
2. **Poor Calibration Reporting**: There is limited transparency in how models are calibrated and validated.
3. **Unsolved Real-Time Uncertainty Quantification**: Issues persist regarding the quantification of real-time uncertainties in AI systems.
4. **Limited Evidence of Model Performance Outside Original Datasets/Settings**: Studies may not provide sufficient evidence of model performance when tested under different conditions or environments.

These gaps collectively contribute to a lack of comprehensive understanding and trustworthiness in the reliability of neurosurgical AI applications.",,0.2857142857142857,,0.0
q07,global,orchestrated,159.79892916000063,"Across this corpus, two primary evidence-quality problems recur in how neurosurgical AI studies establish or report their own reliability:

1. **Adherence to Reporting Guidelines**: Studies often fail to adhere to the TRIPOD (Transparent Reporting of OBservational Studies in Epidemiology) reporting guideline. This includes issues such as insufficiently detailed external validation and calibration reports, which are crucial for assessing the robustness of the models' predictions.

2. **Methodological Controversies**: There are ongoing disputes about the methodology behind certain techniques like lesion network mapping. For instance, some researchers argue that the repeated sampling of the same connectivity matrix due to averaging procedures can lead to networks appearing highly similar regardless of the specific symptoms being studied, questioning the reliability of these methods. These controversies have led to debates over whether the findings from these studies should be considered reliable without further investigation into alternative methodologies.",,0.6666666666666666,,0.0
q08,local,local_query_only,77.82108842600064,"The best ROC-AUC achieved for predicting cervical pedicle screw malposition was 0.69, according to the paper titled ""Machine-Learning-Based Prediction of Cervical Pedicle Screw Malposition from Clinical and Anatomical Features."" This result indicates that the model performed moderately well in distinguishing between correctly positioned and misaligned screws.",,0.3333333333333333,0.0,
q08,local,graphrag_local_only,146.21569845700105,"The best discrimination achieved for predicting cervical pedicle screw malposition was through machine-learning models trained on structured clinical and anatomical features derived from preoperative imaging and feature-based predictors. This approach allowed for accurate identification of malpositions based on clinical and anatomical characteristics rather than relying solely on labels or classifications. The models were able to predict actual intraoperative and postoperative placement outcomes with high precision, demonstrating their effectiveness in identifying deviations from optimal screw positioning.",,0.09090909090909091,0.0,
q08,local,orchestrated,123.72747140399952,"The best ROC-AUC achieved for predicting cervical pedicle screw malposition was 0.69, according to the paper titled ""Machine-Learning-Based Prediction of Cervical Pedicle Screw Malposition from Clinical and Anatomical Features."" This result indicates that the model performed moderately well in distinguishing between correctly positioned and misaligned screws.",,0.3333333333333333,0.0,
